/*
SQLyog v10.2 
MySQL - 5.7.11-log : Database - xy
*********************************************************************
*/

/*!40101 SET NAMES utf8 */;

/*!40101 SET SQL_MODE=''*/;

/*!40014 SET @OLD_UNIQUE_CHECKS=@@UNIQUE_CHECKS, UNIQUE_CHECKS=0 */;
/*!40014 SET @OLD_FOREIGN_KEY_CHECKS=@@FOREIGN_KEY_CHECKS, FOREIGN_KEY_CHECKS=0 */;
/*!40101 SET @OLD_SQL_MODE=@@SQL_MODE, SQL_MODE='NO_AUTO_VALUE_ON_ZERO' */;
/*!40111 SET @OLD_SQL_NOTES=@@SQL_NOTES, SQL_NOTES=0 */;
CREATE DATABASE /*!32312 IF NOT EXISTS*/`xy` /*!40100 DEFAULT CHARACTER SET utf8 */;

USE `xy`;

/*Table structure for table `boss` */

DROP TABLE IF EXISTS `boss`;

CREATE TABLE `boss` (
  `bossid` int(11) NOT NULL AUTO_INCREMENT COMMENT '卖家主键',
  `name` varchar(20) DEFAULT NULL COMMENT '账号',
  `realname` varchar(20) DEFAULT NULL COMMENT '姓名',
  `password` varchar(20) DEFAULT NULL COMMENT '密码',
  `tel` varchar(11) DEFAULT NULL COMMENT '联系方式',
  `adresse` varchar(20) DEFAULT NULL COMMENT '发货地址',
  `bz` varchar(20) DEFAULT NULL COMMENT '备注',
  PRIMARY KEY (`bossid`)
) ENGINE=InnoDB AUTO_INCREMENT=89 DEFAULT CHARSET=utf8;

/*Data for the table `boss` */

insert  into `boss`(`bossid`,`name`,`realname`,`password`,`tel`,`adresse`,`bz`) values (1,'123','马云','123','12545555','武汉','无'),(2,'店主','马云','123456','12545555','武汉','无'),(3,'店主','马云','123456','12545555','武汉','无'),(4,'店主','马云','123456','12545555','武汉','无'),(5,'店主','马云','123456','12545555','武汉','无'),(6,'店主','马云','123456','12545555','武汉','无'),(7,'店主','马云','123456','12545555','武汉','无'),(8,'店主','马云','123456','12545555','武汉','无'),(9,'店主','马云','123456','12545555','武汉','无'),(10,'店主','马云','123456','12545555','武汉','无'),(11,'店主','马云','123456','12545555','武汉','无'),(12,'店主','马云','123456','12545555','武汉','无'),(13,'店主','马云','123456','12545555','武汉','无'),(14,'店主','马云','123456','12545555','武汉','无'),(15,'店主','马云','123456','12545555','武汉','无'),(16,'店主','马云','123456','12545555','武汉','无'),(17,'店主','马云','123456','12545555','武汉','无'),(18,'店主','马云','123456','12545555','武汉','无'),(19,'店主','马云','123456','12545555','武汉','无'),(20,'店主','马云','123456','12545555','武汉','无'),(21,'店主','马云','123456','12545555','武汉','无'),(22,'店主','马云','123456','12545555','武汉','无'),(23,'店主','马云','123456','12545555','武汉','无'),(24,'店主','马云','123456','12545555','武汉','无'),(25,'店主','马云','123456','12545555','武汉','无'),(26,'店主','马云','123456','12545555','武汉','无'),(27,'店主','马云','123456','12545555','武汉','无'),(28,'店主','马云','123456','12545555','武汉','无'),(29,'店主','马云','123456','12545555','武汉','无'),(30,'店主','马云','123456','12545555','武汉','无'),(31,'店主','马云','123456','12545555','武汉','无'),(32,'店主','马云','123456','12545555','武汉','无'),(33,'店主','马云','123456','12545555','武汉','无'),(34,'店主','马云','123456','12545555','武汉','无'),(35,'店主','马云','123456','12545555','武汉','无'),(36,'店主','马云','123456','12545555','武汉','无'),(37,'店主','马云','123456','12545555','武汉','无'),(38,'店主','马云','123456','12545555','武汉','无'),(39,'店主','马云','123456','12545555','武汉','无'),(40,'店主','马云','123456','12545555','武汉','无'),(41,'店主','马云','123456','12545555','武汉','无'),(42,'店主','马云','123456','12545555','武汉','无'),(43,'店主','马云','123456','12545555','武汉','无'),(44,'店主','马云','123456','12545555','武汉','无'),(45,'店主','马云','123456','12545555','武汉','无'),(46,'店主','马云','123456','12545555','武汉','无'),(47,'店主','马云','123456','12545555','武汉','无'),(48,'店主','马云','123456','12545555','武汉','无'),(49,'店主','马云','123456','12545555','武汉','无'),(50,'店主','马云','123456','12545555','武汉','无'),(51,'店主','马云','123456','12545555','武汉','无'),(52,'店主','马云','123456','12545555','武汉','无'),(53,'店主','马云','123456','12545555','武汉','无'),(54,'店主','马云','123456','12545555','武汉','无'),(55,'店主','马云','123456','12545555','武汉','无'),(56,'店主','马云','123456','12545555','武汉','无'),(57,'店主','马云','123456','12545555','武汉','无'),(58,'店主','马云','123456','12545555','武汉','无'),(59,'店主','马云','123456','12545555','武汉','无'),(60,'店主','马云','123456','12545555','武汉','无'),(61,'店主','马云','123456','12545555','武汉','无'),(62,'店主','马云','123456','12545555','武汉','无'),(63,'店主','马云','123456','12545555','武汉','无'),(64,'店主','马云','123456','12545555','武汉','无'),(65,'店主','马云','123456','12545555','武汉','无'),(66,'店主','马云','123456','12545555','武汉','无'),(67,'店主','马云','123456','12545555','武汉','无'),(68,'店主','马云','123456','12545555','武汉','无'),(69,'店主','马云','123456','12545555','武汉','无'),(70,'店主','马云','123456','12545555','武汉','无'),(71,'店主','马云','123456','12545555','武汉','无'),(72,'店主','马云','123456','12545555','武汉','无'),(73,'店主','马云','123456','12545555','武汉','无'),(74,'店主','马云','123456','12545555','武汉','无'),(75,'店主','马云','123456','12545555','武汉','无'),(76,'店主','马云','123456','12545555','武汉','无'),(77,'店主','马云','123456','12545555','武汉','无'),(78,'店主','马云','123456','12545555','武汉','无'),(79,'店主','马云','123456','12545555','武汉','无'),(80,'店主','马云','123456','12545555','武汉','无'),(81,'店主','马云','123456','12545555','武汉','无'),(82,'店主','马云','123456','12545555','武汉','无'),(83,'店主','马云','123456','12545555','武汉','无'),(84,'店主','马云','123456','12545555','武汉','无'),(85,'店主','马云','123456','12545555','武汉','无'),(86,'店主','马云','123456','12545555','武汉','无'),(87,'店主','马云','123456','12545555','武汉','无'),(88,'店主','马云','123456','12545555','武汉','无');

/*Table structure for table `buyer` */

DROP TABLE IF EXISTS `buyer`;

CREATE TABLE `buyer` (
  `buyerid` int(11) NOT NULL AUTO_INCREMENT COMMENT '买家主键',
  `buyername` varchar(20) DEFAULT NULL COMMENT '账号',
  `realname` varchar(20) DEFAULT NULL COMMENT '真实姓名',
  `buyerpsw` varchar(20) DEFAULT NULL COMMENT '密码',
  `email` varchar(20) DEFAULT NULL COMMENT '邮箱地址',
  `sex` varchar(4) DEFAULT NULL COMMENT '性别',
  `address` varchar(20) DEFAULT NULL COMMENT '收货地址',
  `money` double DEFAULT NULL,
  `telephone` varchar(11) DEFAULT NULL COMMENT '联系方式',
  `buyerjf` int(11) DEFAULT NULL COMMENT '积分',
  `buyerpic` varchar(30) DEFAULT NULL COMMENT '头像',
  `status` int(11) DEFAULT '1' COMMENT '状态',
  `bz` varchar(20) DEFAULT '无' COMMENT '备注',
  PRIMARY KEY (`buyerid`)
) ENGINE=InnoDB AUTO_INCREMENT=100 DEFAULT CHARSET=utf8;

/*Data for the table `buyer` */

insert  into `buyer`(`buyerid`,`buyername`,`realname`,`buyerpsw`,`email`,`sex`,`address`,`money`,`telephone`,`buyerjf`,`buyerpic`,`status`,`bz`) values (1,'123456','武林外传111','123456','172662@qq.com','男  ','12',200,'321',0,'/xy/img/buyer/buyer1.jpg  ',0,'备注无  '),(2,'123','小明','123456','12546@qq.com','男','武汉',200,'1245798454',0,'/xy/img/buyer/buyer1.jpg',0,'备注无'),(3,'123','小明','123456','12546@qq.com','男','武汉',200,'1245798454',0,'/xy/img/buyer/buyer1.jpg',0,'备注无'),(4,'123','小明','123456','12546@qq.com','男','武汉',200,'1245798454',0,'/xy/img/buyer/buyer1.jpg',0,'备注无'),(5,'123','小明','123456','12546@qq.com','男','武汉',200,'1245798454',0,'/xy/img/buyer/buyer1.jpg',0,'备注无'),(6,'123','小明','123456','12546@qq.com','男','武汉',200,'1245798454',0,'/xy/img/buyer/buyer1.jpg',0,'备注无'),(7,'123','小明','123456','12546@qq.com','男','武汉',200,'1245798454',0,'/xy/img/buyer/buyer1.jpg',0,'备注无'),(8,'123','小明','123456','12546@qq.com','男','武汉',200,'1245798454',0,'/xy/img/buyer/buyer1.jpg',0,'备注无'),(9,'123','小明','123456','12546@qq.com','男','武汉',200,'1245798454',0,'/xy/img/buyer/buyer1.jpg',0,'备注无'),(10,'123','小明','123456','12546@qq.com','男','武汉',200,'1245798454',0,'/xy/img/buyer/buyer1.jpg',0,'备注无'),(11,'123','小明','123456','12546@qq.com','男','武汉',200,'1245798454',0,'/xy/img/buyer/buyer1.jpg',0,'备注无'),(12,'123','小明','123456','12546@qq.com','男','武汉',200,'1245798454',0,'/xy/img/buyer/buyer1.jpg',0,'备注无'),(13,'123','小明','123456','12546@qq.com','男','武汉',200,'1245798454',0,'/xy/img/buyer/buyer1.jpg',0,'备注无'),(14,'123','小明','123456','12546@qq.com','男','武汉',200,'1245798454',0,'/xy/img/buyer/buyer1.jpg',0,'备注无'),(15,'123','小明','123456','12546@qq.com','男','武汉',200,'1245798454',0,'/xy/img/buyer/buyer1.jpg',0,'备注无'),(16,'123','小明','123456','12546@qq.com','男','武汉',200,'1245798454',0,'/xy/img/buyer/buyer1.jpg',0,'备注无'),(17,'123','小明','123456','12546@qq.com','男','武汉',200,'1245798454',0,'/xy/img/buyer/buyer1.jpg',0,'备注无'),(18,'123','小明','123456','12546@qq.com','男','武汉',200,'1245798454',0,'/xy/img/buyer/buyer1.jpg',0,'备注无'),(19,'123','小明','123456','12546@qq.com','男','武汉',200,'1245798454',0,'/xy/img/buyer/buyer1.jpg',0,'备注无'),(20,'123','小明','123456','12546@qq.com','男','武汉',200,'1245798454',0,'/xy/img/buyer/buyer1.jpg',0,'备注无'),(21,'123','小明','123456','12546@qq.com','男','武汉',200,'1245798454',0,'/xy/img/buyer/buyer1.jpg',0,'备注无'),(22,'123','小明','123456','12546@qq.com','男','武汉',200,'1245798454',0,'/xy/img/buyer/buyer1.jpg',0,'备注无'),(23,'123','小明','123456','12546@qq.com','男','武汉',200,'1245798454',0,'/xy/img/buyer/buyer1.jpg',0,'备注无'),(24,'123','小明','123456','12546@qq.com','男','武汉',200,'1245798454',0,'/xy/img/buyer/buyer1.jpg',0,'备注无'),(25,'123','小明','123456','12546@qq.com','男','武汉',200,'1245798454',0,'/xy/img/buyer/buyer1.jpg',0,'备注无'),(26,'123','小明','123456','12546@qq.com','男','武汉',200,'1245798454',0,'/xy/img/buyer/buyer1.jpg',0,'备注无'),(27,'123','小明','123456','12546@qq.com','男','武汉',200,'1245798454',0,'/xy/img/buyer/buyer1.jpg',0,'备注无'),(28,'123','小明','123456','12546@qq.com','男','武汉',200,'1245798454',0,'/xy/img/buyer/buyer1.jpg',0,'备注无'),(29,'123','小明','123456','12546@qq.com','男','武汉',200,'1245798454',0,'/xy/img/buyer/buyer1.jpg',0,'备注无'),(30,'123','小明','123456','12546@qq.com','男','武汉',200,'1245798454',0,'/xy/img/buyer/buyer1.jpg',0,'备注无'),(31,'123','小明','123456','12546@qq.com','男','武汉',200,'1245798454',0,'/xy/img/buyer/buyer1.jpg',0,'备注无'),(32,'123','小明','123456','12546@qq.com','男','武汉',200,'1245798454',0,'/xy/img/buyer/buyer1.jpg',0,'备注无'),(33,'123','小明','123456','12546@qq.com','男','武汉',200,'1245798454',0,'/xy/img/buyer/buyer1.jpg',0,'备注无'),(34,'123','小明','123456','12546@qq.com','男','武汉',200,'1245798454',0,'/xy/img/buyer/buyer1.jpg',0,'备注无'),(35,'123','小明','123456','12546@qq.com','男','武汉',200,'1245798454',0,'/xy/img/buyer/buyer1.jpg',0,'备注无'),(36,'123','小明','123456','12546@qq.com','男','武汉',200,'1245798454',0,'/xy/img/buyer/buyer1.jpg',0,'备注无'),(37,'123','小明','123456','12546@qq.com','男','武汉',200,'1245798454',0,'/xy/img/buyer/buyer1.jpg',0,'备注无'),(38,'123','小明','123456','12546@qq.com','男','武汉',200,'1245798454',0,'/xy/img/buyer/buyer1.jpg',0,'备注无'),(39,'123','小明','123456','12546@qq.com','男','武汉',200,'1245798454',0,'/xy/img/buyer/buyer1.jpg',0,'备注无'),(40,'123','小明','123456','12546@qq.com','男','武汉',200,'1245798454',0,'/xy/img/buyer/buyer1.jpg',0,'备注无'),(41,'123','小明','123456','12546@qq.com','男','武汉',200,'1245798454',0,'/xy/img/buyer/buyer1.jpg',0,'备注无'),(42,'123','小明','123456','12546@qq.com','男','武汉',200,'1245798454',0,'/xy/img/buyer/buyer1.jpg',0,'备注无'),(43,'123','小明','123456','12546@qq.com','男','武汉',200,'1245798454',0,'/xy/img/buyer/buyer1.jpg',0,'备注无'),(44,'123','小明','123456','12546@qq.com','男','武汉',200,'1245798454',0,'/xy/img/buyer/buyer1.jpg',0,'备注无'),(45,'123','小明','123456','12546@qq.com','男','武汉',200,'1245798454',0,'/xy/img/buyer/buyer1.jpg',0,'备注无'),(46,'123','小明','123456','12546@qq.com','男','武汉',200,'1245798454',0,'/xy/img/buyer/buyer1.jpg',0,'备注无'),(47,'123','小明','123456','12546@qq.com','男','武汉',200,'1245798454',0,'/xy/img/buyer/buyer1.jpg',0,'备注无'),(48,'123','小明','123456','12546@qq.com','男','武汉',200,'1245798454',0,'/xy/img/buyer/buyer1.jpg',0,'备注无'),(49,'123','小明','123456','12546@qq.com','男','武汉',200,'1245798454',0,'/xy/img/buyer/buyer1.jpg',0,'备注无'),(50,'123','小明','123456','12546@qq.com','男','武汉',200,'1245798454',0,'/xy/img/buyer/buyer1.jpg',0,'备注无'),(51,'123','小明','123456','12546@qq.com','男','武汉',200,'1245798454',0,'/xy/img/buyer/buyer1.jpg',0,'备注无'),(52,'123','小明','123456','12546@qq.com','男','武汉',200,'1245798454',0,'/xy/img/buyer/buyer1.jpg',0,'备注无'),(53,'123','小明','123456','12546@qq.com','男','武汉',200,'1245798454',0,'/xy/img/buyer/buyer1.jpg',0,'备注无'),(54,'123','小明','123456','12546@qq.com','男','武汉',200,'1245798454',0,'/xy/img/buyer/buyer1.jpg',0,'备注无'),(55,'123','小明','123456','12546@qq.com','男','武汉',200,'1245798454',0,'/xy/img/buyer/buyer1.jpg',0,'备注无'),(56,'123','小明','123456','12546@qq.com','男','武汉',200,'1245798454',0,'/xy/img/buyer/buyer1.jpg',0,'备注无'),(57,'123','小明','123456','12546@qq.com','男','武汉',200,'1245798454',0,'/xy/img/buyer/buyer1.jpg',0,'备注无'),(58,'123','小明','123456','12546@qq.com','男','武汉',200,'1245798454',0,'/xy/img/buyer/buyer1.jpg',0,'备注无'),(59,'123','小明','123456','12546@qq.com','男','武汉',200,'1245798454',0,'/xy/img/buyer/buyer1.jpg',0,'备注无'),(60,'123','小明','123456','12546@qq.com','男','武汉',200,'1245798454',0,'/xy/img/buyer/buyer1.jpg',0,'备注无'),(61,'123','小明','123456','12546@qq.com','男','武汉',200,'1245798454',0,'/xy/img/buyer/buyer1.jpg',0,'备注无'),(62,'123','小明','123456','12546@qq.com','男','武汉',200,'1245798454',0,'/xy/img/buyer/buyer1.jpg',0,'备注无'),(63,'123','小明','123456','12546@qq.com','男','武汉',200,'1245798454',0,'/xy/img/buyer/buyer1.jpg',0,'备注无'),(64,'123','小明','123456','12546@qq.com','男','武汉',200,'1245798454',0,'/xy/img/buyer/buyer1.jpg',0,'备注无'),(65,'123','小明','123456','12546@qq.com','男','武汉',200,'1245798454',0,'/xy/img/buyer/buyer1.jpg',0,'备注无'),(66,'123','小明','123456','12546@qq.com','男','武汉',200,'1245798454',0,'/xy/img/buyer/buyer1.jpg',0,'备注无'),(67,'123','小明','123456','12546@qq.com','男','武汉',200,'1245798454',0,'/xy/img/buyer/buyer1.jpg',0,'备注无'),(68,'123','小明','123456','12546@qq.com','男','武汉',200,'1245798454',0,'/xy/img/buyer/buyer1.jpg',0,'备注无'),(69,'123','小明','123456','12546@qq.com','男','武汉',200,'1245798454',0,'/xy/img/buyer/buyer1.jpg',0,'备注无'),(70,'123','小明','123456','12546@qq.com','男','武汉',200,'1245798454',0,'/xy/img/buyer/buyer1.jpg',0,'备注无'),(71,'123','小明','123456','12546@qq.com','男','武汉',200,'1245798454',0,'/xy/img/buyer/buyer1.jpg',0,'备注无'),(72,'123','小明','123456','12546@qq.com','男','武汉',200,'1245798454',0,'/xy/img/buyer/buyer1.jpg',0,'备注无'),(73,'123','小明','123456','12546@qq.com','男','武汉',200,'1245798454',0,'/xy/img/buyer/buyer1.jpg',0,'备注无'),(74,'123','小明','123456','12546@qq.com','男','武汉',200,'1245798454',0,'/xy/img/buyer/buyer1.jpg',0,'备注无'),(75,'123','小明','123456','12546@qq.com','男','武汉',200,'1245798454',0,'/xy/img/buyer/buyer1.jpg',0,'备注无'),(76,'123','小明','123456','12546@qq.com','男','武汉',200,'1245798454',0,'/xy/img/buyer/buyer1.jpg',0,'备注无'),(77,'123','小明','123456','12546@qq.com','男','武汉',200,'1245798454',0,'/xy/img/buyer/buyer1.jpg',0,'备注无'),(78,'123456','天天','123456','172662@qq.com','男','12',200,'321',0,'/xy/img/buyer/buyer1.jpg',0,'备注无'),(79,'asdd','ssda','123456','11@cc.com','女',NULL,200,'13807575745',0,'/xy/img/buyer/buyer1.jpg',0,'备注无'),(80,'vbfd','ssda','123456789','11@cc.com','女',NULL,200,'13807575745',0,'/xy/img/buyer/buyer1.jpg',0,'备注无'),(81,'qwer','hhjj','123456','55555@qq.com','男',NULL,200,'13855524261',0,'/xy/img/buyer/buyer1.jpg',0,'备注无'),(82,'qwerii','hhjj','123456','55555@qq.com','男',NULL,200,'13855524261',0,'/xy/img/buyer/buyer1.jpg',0,'备注无'),(83,'qwerii1','hhjj','123456','55555@qq.com','男',NULL,200,'13855524261',0,'/xy/img/buyer/buyer1.jpg',0,'备注无'),(84,'qwer1','1256666','123123','hhsd@ww.com','女','武汉',NULL,'13084512511',200,NULL,0,'        		  123\r\n   '),(85,'afgg','hggd','000000','125@qq.com','男','武汉',NULL,'13250102420',200,NULL,0,'        		  123\r\n   '),(86,'123456','天天','123456','172662@qq.com',NULL,'12',NULL,'321',0,NULL,0,NULL),(87,'123456','天天','123456','172662@qq.com',NULL,'12',NULL,'32155555',0,NULL,0,NULL),(88,'123456','天天','123456','172662@qq.com',NULL,'12',NULL,'321',0,NULL,0,NULL),(89,'123456','小王','123456','172662@qq.com',NULL,'12',NULL,'321',0,NULL,0,NULL),(90,'123456','天天','123456','172662@qq.com',NULL,'12',NULL,'321',0,NULL,0,NULL),(91,'123456','天天','123456','172662@qq.com',NULL,'12',NULL,'321455',0,NULL,0,NULL),(92,'123456','天天','123456','172662@qq.com',NULL,'12454555',NULL,'321',0,NULL,0,NULL),(93,'123456','天天','123456','172662@qq.com',NULL,'12',NULL,'321',0,NULL,0,NULL),(94,'123456','天天','123456','172662@qq.com',NULL,'12',NULL,'321',0,NULL,0,NULL),(95,'123456','天天','123456','172662@qq.com',NULL,'12',NULL,'321',0,NULL,0,NULL),(96,'123456','天天','123456','172662@qq.com',NULL,'12',NULL,'321',0,NULL,0,NULL),(97,'123456','天天','123456','172662@qq.com',NULL,'124555',NULL,'321',0,NULL,0,NULL),(98,'123456','天天','123456','172662@qq.com',NULL,'12',NULL,'321',0,NULL,0,NULL),(99,'123456','天天','123456','172662@qq.com','男 ','12',200,'321',0,'/xy/img/buyer/buyer1.jpg ',0,'备注无 ');

/*Table structure for table `comment` */

DROP TABLE IF EXISTS `comment`;

CREATE TABLE `comment` (
  `comid` int(11) NOT NULL AUTO_INCREMENT COMMENT '评论主键',
  `buyerid` int(11) DEFAULT NULL COMMENT '买家主键',
  `goodsid` int(11) DEFAULT NULL COMMENT '商品主键',
  `content` varchar(50) DEFAULT NULL COMMENT '评论内容',
  `date` date DEFAULT NULL COMMENT '评论时间',
  `score` int(11) DEFAULT '5' COMMENT '评价星级',
  `bz` varchar(20) DEFAULT NULL COMMENT '备注',
  PRIMARY KEY (`comid`),
  KEY `buyerid` (`buyerid`),
  KEY `goodsid` (`goodsid`),
  CONSTRAINT `comment_ibfk_1` FOREIGN KEY (`buyerid`) REFERENCES `buyer` (`buyerid`),
  CONSTRAINT `comment_ibfk_2` FOREIGN KEY (`goodsid`) REFERENCES `goods` (`goodsid`)
) ENGINE=InnoDB AUTO_INCREMENT=62 DEFAULT CHARSET=utf8;

/*Data for the table `comment` */

insert  into `comment`(`comid`,`buyerid`,`goodsid`,`content`,`date`,`score`,`bz`) values (1,1,1,'1','2016-04-07',0,'无'),(2,1,1,'1','2016-04-07',0,'无'),(3,1,1,'1','2016-04-07',0,'无'),(4,1,1,'1','2016-04-07',0,'无'),(5,1,1,'1','2016-04-07',0,'无'),(6,1,1,'1','2016-04-07',0,'无'),(7,1,1,'1','2016-04-07',0,'无'),(8,1,1,'1','2016-04-07',0,'无'),(9,1,1,'1','2016-04-07',0,'无'),(10,1,1,'1','2016-04-07',0,'无'),(11,1,1,'1','2016-04-07',0,'无'),(12,1,1,'1','2016-04-07',0,'无'),(13,1,1,'1','2016-04-07',0,'无'),(14,1,1,'1','2016-04-07',0,'无'),(15,1,1,'1','2016-04-07',0,'无'),(16,1,1,'1','2016-04-07',0,'无'),(17,1,1,'1','2016-04-07',0,'无'),(18,1,1,'1','2016-04-07',0,'无'),(19,1,1,'1','2016-04-07',0,'无'),(20,1,1,'1','2016-04-07',0,'无'),(21,1,1,'1','2016-04-07',0,'无'),(22,1,1,'1','2016-04-07',0,'无'),(23,1,1,'1','2016-04-07',0,'无'),(24,1,1,'1','2016-04-07',0,'无'),(25,1,1,'1','2016-04-07',0,'无'),(26,1,1,'1','2016-04-07',0,'无'),(27,1,1,'1','2016-04-07',0,'无'),(28,1,1,'1','2016-04-07',0,'无'),(29,1,1,'1','2016-04-07',0,'无'),(30,1,1,'1','2016-04-07',0,'无'),(31,1,1,'1','2016-04-07',0,'无'),(32,1,1,'1','2016-04-07',0,'无'),(33,1,1,'1','2016-04-07',0,'无'),(34,1,1,'1','2016-04-07',0,'无'),(35,1,1,'1','2016-04-07',0,'无'),(36,1,1,'1','2016-04-07',0,'无'),(37,1,1,'1','2016-04-07',0,'无'),(38,1,1,'1','2016-04-07',0,'无'),(39,1,1,'1','2016-04-07',0,'无'),(40,1,1,'1','2016-04-07',0,'无'),(41,1,1,'1','2016-04-07',0,'无'),(42,1,1,'1','2016-04-07',0,'无'),(43,1,1,'1','2016-04-07',0,'无'),(44,1,1,'1','2016-04-07',0,'无'),(45,1,1,'1','2016-04-07',0,'无'),(46,1,1,'1','2016-04-07',0,'无'),(47,1,1,'1','2016-04-07',0,'无'),(48,1,1,'1','2016-04-07',0,'无'),(49,1,1,'1','2016-04-07',0,'无'),(50,1,1,'1','2016-04-07',0,'无'),(51,1,1,'1','2016-04-07',0,'无'),(52,1,1,'1','2016-04-07',0,'无'),(53,1,1,'1','2016-04-07',0,'无'),(54,1,1,'1','2016-04-07',0,'无'),(55,1,1,'1','2016-04-07',0,'无'),(56,1,1,'1','2016-04-07',0,'无'),(57,1,1,'1','2016-04-07',0,'无'),(58,2,3,'5','2016-04-07',5,'k'),(59,1,1,'1','2016-04-07',0,'无'),(60,1,1,'1','2016-04-07',0,'无'),(61,1,1,'1','2016-04-07',0,'无');

/*Table structure for table `goods` */

DROP TABLE IF EXISTS `goods`;

CREATE TABLE `goods` (
  `goodsid` int(11) NOT NULL AUTO_INCREMENT COMMENT '商品主键',
  `bossid` int(11) DEFAULT NULL COMMENT '卖家主键',
  `storageid` int(11) DEFAULT NULL COMMENT '库存主键',
  `name` varchar(20) DEFAULT NULL COMMENT '商品名称',
  `date` varchar(20) DEFAULT '2015-12-31' COMMENT '生产日期',
  `type` int(11) DEFAULT NULL COMMENT '商品类别',
  `description` varchar(50) DEFAULT NULL COMMENT '商品描述',
  `picture` varchar(50) DEFAULT NULL COMMENT '商品图片，用分号隔开地址。',
  `price` double DEFAULT NULL COMMENT '商品价格',
  `address` varchar(20) DEFAULT NULL COMMENT '生产地址',
  `bz` varchar(50) DEFAULT NULL COMMENT '备注',
  PRIMARY KEY (`goodsid`),
  KEY `storageid` (`storageid`),
  KEY `bossid` (`bossid`),
  CONSTRAINT `goods_ibfk_2` FOREIGN KEY (`storageid`) REFERENCES `storage` (`storageid`),
  CONSTRAINT `goods_ibfk_3` FOREIGN KEY (`bossid`) REFERENCES `boss` (`bossid`)
) ENGINE=InnoDB AUTO_INCREMENT=42 DEFAULT CHARSET=utf8;

/*Data for the table `goods` */

insert  into `goods`(`goodsid`,`bossid`,`storageid`,`name`,`date`,`type`,`description`,`picture`,`price`,`address`,`bz`) values (1,11,13,'1','2015-12-31',1,'1','/xy/img/change/01.jpg',1,'1','1'),(3,1,1,'1','2015-12-31',1,'無','/xy/img/change/02.jpg',22,'武漢','5'),(4,2,1,'1','2015-12-31',1,'無','/xy/img/change/03.jpg',22,'武漢','5'),(5,2,1,'1','2015-12-31',1,'無','/xy/img/change/04.jpg',22,'武漢','5'),(6,2,1,'1','2015-12-31',1,'無','/xy/img/change/04.jpg',22,'武漢','5'),(7,2,1,'1','2015-12-31',1,'無','/xy/img/change/01.jpg',22,'武漢','5'),(8,2,1,'1','2015-12-31',1,'無','/xy/img/change/01.jpg',22,'武漢','5'),(9,3,1,'1','2015-12-31',1,'無','/xy/img/change/01.jpg',22,'武漢','5'),(10,3,1,'1','2015-12-31',1,'無','/xy/img/change/01.jpg',22,'武漢','5'),(11,3,1,'1','2015-12-31',1,'無','/xy/img/change/01.jpg',22,'武漢','5'),(12,4,1,'1','2015-12-31',1,'無','/xy/img/change/01.jpg',22,'武漢','5'),(13,4,1,'1','2015-12-31',1,'無','/xy/img/change/01.jpg',22,'武漢','5'),(14,4,1,'1','2015-12-31',1,'無','/xy/img/change/01.jpg',22,'武漢','5'),(15,4,1,'1','2015-12-31',1,'無','/xy/img/change/01.jpg',22,'武漢','5'),(16,6,1,'1','2015-12-31',1,'無','/xy/img/change/01.jpg',22,'武漢','5'),(17,6,1,'1','2015-12-31',1,'無','/xy/img/change/01.jpg',22,'武漢','5'),(18,6,1,'1','2015-12-31',1,'無','/xy/img/change/01.jpg',22,'武漢','5'),(19,6,1,'1','2015-12-31',1,'無','/xy/img/change/01.jpg',22,'武漢','5'),(20,7,1,'1','2015-12-31',1,'無','/xy/img/change/01.jpg',22,'武漢','5'),(21,7,1,'1','2015-12-31',1,'無','/xy/img/change/01.jpg',22,'武漢','5'),(22,7,1,'1','2015-12-31',1,'無','/xy/img/change/01.jpg',22,'武漢','5'),(23,7,1,'1','2015-12-31',1,'無','/xy/img/change/01.jpg',22,'武漢','5'),(24,9,1,'1','2015-12-31',1,'無','/xy/img/change/01.jpg',22,'武漢','5'),(25,9,1,'1','2015-12-31',1,'無','/xy/img/change/01.jpg',22,'武漢','5'),(26,9,1,'1','2015-12-31',1,'無','/xy/img/change/01.jpg',22,'武漢','5'),(27,9,1,'1','2015-12-31',1,'無','/xy/img/change/01.jpg',22,'武漢','5'),(28,8,1,'1','2015-12-31',1,'無','/xy/img/change/01.jpg',22,'武漢','5'),(29,8,1,'1','2015-12-31',1,'無','/xy/img/change/01.jpg',22,'武漢','5'),(30,8,1,'1','2015-12-31',1,'無','/xy/img/change/01.jpg',22,'武漢','5'),(31,8,1,'1','2015-12-31',1,'無','/xy/img/change/01.jpg',22,'武漢','5'),(32,8,1,'1','2015-12-31',1,'無','/xy/img/change/01.jpg',22,'武漢','5'),(33,8,1,'1','2015-12-31',1,'無','/xy/img/change/01.jpg',22,'武漢','5'),(34,1,1,'1','2015-12-31',1,'無','/xy/img/change/01.jpg',22,'武漢','5'),(35,1,1,'1','2015-12-31',1,'無','/xy/img/change/01.jpg',22,'武漢','5'),(36,1,1,'1','2015-12-31',1,'無','/xy/img/change/01.jpg',22,'武漢','5'),(37,1,1,'1','2015-12-31',1,'無','/xy/img/change/01.jpg',22,'武漢','5'),(38,1,1,'1','2015-12-31',1,'無','/xy/img/change/01.jpg',22,'武漢','5'),(39,1,1,'1','2015-12-31',1,'無','/xy/img/change/01.jpg',22,'武漢','5'),(40,12,13,'1','2015-12-31',1,'無','/xy/img/change/01.jpg',22,'武漢','5'),(41,13,12,'1','2015-12-31',1,'無','/xy/img/change/01.jpg',22,'武漢','5');

/*Table structure for table `manage` */

DROP TABLE IF EXISTS `manage`;

CREATE TABLE `manage` (
  `manageid` int(11) NOT NULL AUTO_INCREMENT COMMENT '主键',
  `name` varchar(20) DEFAULT NULL COMMENT '账号',
  `password` varchar(20) DEFAULT NULL COMMENT '密码',
  `Level` int(11) DEFAULT NULL COMMENT '等级',
  `descript` varchar(20) DEFAULT NULL COMMENT '权限描述',
  `bz` varchar(20) DEFAULT NULL COMMENT '备注信息',
  PRIMARY KEY (`manageid`)
) ENGINE=InnoDB AUTO_INCREMENT=43 DEFAULT CHARSET=utf8;

/*Data for the table `manage` */

insert  into `manage`(`manageid`,`name`,`password`,`Level`,`descript`,`bz`) values (1,'1','2',1,'1','wu'),(2,'1','2',1,'1','wu'),(3,'1','2',1,'1','wu'),(4,'1','2',1,'1','wu'),(5,'1','2',1,'1','wu'),(6,'1','2',1,'1','wu'),(7,'1','2',1,'1','wu'),(8,'1','2',1,'1','wu'),(9,'1','2',1,'1','wu'),(10,'1','2',1,'1','wu'),(11,'1','2',1,'1','wu'),(12,'1','2',1,'1','wu'),(13,'1','2',1,'1','wu'),(14,'1','2',1,'1','wu'),(15,'1','2',1,'1','wu'),(16,'1','2',1,'1','wu'),(17,'1','2',1,'1','wu'),(18,'1','2',1,'1','wu'),(19,'1','2',1,'1','wu'),(20,'1','2',1,'1','wu'),(21,'1','2',1,'1','wu'),(22,'1','2',1,'1','wu'),(23,'1','2',1,'1','wu'),(24,'1','2',1,'1','wu'),(25,'1','2',1,'1','wu'),(26,'1','2',1,'1','wu'),(27,'1','2',1,'1','wu'),(28,'1','2',1,'1','wu'),(29,'1','2',1,'1','wu'),(30,'1','2',1,'1','wu'),(31,'1','2',1,'1','wu'),(32,'1','2',1,'1','wu'),(33,'1','2',1,'1','wu'),(34,'1','2',1,'1','wu'),(35,'1','2',1,'1','wu'),(36,'1','2',1,'1','wu'),(37,'1','2',1,'1','wu'),(38,'1','2',1,'1','wu'),(39,'1','2',1,'1','wu'),(40,'1','2',1,'1','wu'),(41,'1','2',1,'1','wu'),(42,'1','2',1,'1','wu');

/*Table structure for table `orders` */

DROP TABLE IF EXISTS `orders`;

CREATE TABLE `orders` (
  `orderid` int(11) NOT NULL AUTO_INCREMENT COMMENT '订单主键',
  `buyerid` int(11) DEFAULT NULL COMMENT '买家主键',
  `goodsid` int(11) DEFAULT NULL COMMENT '商品主键',
  `bossid` int(11) DEFAULT NULL COMMENT '卖家主键',
  `status` int(11) DEFAULT NULL COMMENT '订单状态',
  `date` varchar(30) DEFAULT NULL COMMENT '下单时间',
  `total` double DEFAULT NULL COMMENT '总计',
  `num` int(11) DEFAULT NULL COMMENT '商品数量',
  `bz` varchar(20) DEFAULT NULL COMMENT '备注信息',
  PRIMARY KEY (`orderid`),
  KEY `buyerid` (`buyerid`),
  KEY `goodsid` (`goodsid`),
  KEY `bossid` (`bossid`),
  CONSTRAINT `orders_ibfk_1` FOREIGN KEY (`buyerid`) REFERENCES `buyer` (`buyerid`),
  CONSTRAINT `orders_ibfk_2` FOREIGN KEY (`goodsid`) REFERENCES `goods` (`goodsid`),
  CONSTRAINT `orders_ibfk_3` FOREIGN KEY (`bossid`) REFERENCES `boss` (`bossid`)
) ENGINE=InnoDB AUTO_INCREMENT=55 DEFAULT CHARSET=utf8;

/*Data for the table `orders` */

insert  into `orders`(`orderid`,`buyerid`,`goodsid`,`bossid`,`status`,`date`,`total`,`num`,`bz`) values (1,1,1,1,5,'2016-04-07',10,10,'1'),(2,1,1,1,5,'2016-04-07',10,10,'1'),(3,1,1,1,5,'2016-04-07',10,10,'1'),(6,1,13,1,5,'2016-04-07',10,10,'1'),(7,1,1,1,1,'2016-04-07',10,10,'1'),(8,1,1,1,1,'2016-04-07',10,10,'1'),(9,1,1,1,1,'2016-04-07',10,10,'1'),(10,1,1,1,1,'2016-04-07',10,10,'1'),(11,1,1,1,1,'2016-04-07',10,10,'1'),(12,1,1,1,1,'2016-04-07',10,10,'1'),(13,1,1,1,1,'2016-04-07',10,10,'1'),(14,1,1,1,1,'2016-04-07',10,10,'1'),(15,1,1,1,1,'2016-04-07',10,10,'1'),(16,1,1,1,1,'2016-04-07',10,10,'1'),(17,1,1,1,1,'2016-04-07',10,10,'1'),(18,1,1,1,1,'2016-04-07',10,10,'1'),(19,1,1,1,1,'2016-04-07',10,10,'1'),(20,1,1,1,1,'2016-04-07',10,10,'1'),(21,1,1,1,1,'2016-04-07',10,10,'1'),(22,1,1,1,1,'2016-04-07',10,10,'1'),(23,1,1,1,1,'2016-04-07',10,10,'1'),(24,1,1,1,1,'2016-04-07',10,10,'1'),(25,1,1,1,1,'2016-04-07',10,10,'1'),(26,1,1,1,1,'2016-04-07',10,10,'1'),(27,1,1,1,1,'2016-04-07',10,10,'1'),(28,1,1,1,1,'2016-04-07',10,10,'1'),(29,1,1,1,1,'2016-04-07',10,10,'1'),(30,1,1,11,1,'下午8:55:28',2,2,'1'),(31,1,1,11,1,'下午8:57:39',2,2,'1'),(32,1,1,11,1,'下午8:59:04',2,2,'1'),(33,1,1,11,1,'下午9:00:33',2,2,'1'),(34,1,1,11,1,'下午9:00:35',2,2,'1'),(35,1,1,11,1,'下午9:00:35',2,2,'1'),(36,1,1,11,1,'下午9:00:35',2,2,'1'),(37,1,1,11,1,'下午9:00:36',2,2,'1'),(38,1,1,11,1,'下午9:00:36',2,2,'1'),(39,1,1,11,1,'下午9:00:40',2,2,'1'),(40,1,1,11,1,'下午9:00:44',2,2,'1'),(41,1,1,11,1,'下午9:01:25',4,4,'1'),(42,1,1,11,1,'下午9:02:42',4,4,'1'),(43,1,1,11,1,'下午9:02:44',4,4,'1'),(44,1,1,11,1,'下午9:02:56',4,4,'1'),(45,1,1,11,1,'下午9:02:57',4,4,'1'),(46,1,1,11,1,'下午9:03:55',4,4,'1'),(47,1,1,11,1,'下午9:04:40',4,4,'1'),(48,1,1,11,1,'下午9:06:31',4,4,'1'),(49,1,1,11,1,'下午9:06:56',4,4,'1'),(50,1,1,11,1,'下午9:10:44',2,2,'1'),(51,1,1,11,1,'下午9:15:42',2,2,'1'),(52,1,1,11,1,'下午9:43:37',2,2,'1'),(53,1,1,11,1,'下午7:53:26',2,2,'1'),(54,1,1,11,1,'下午2:58:15',2,2,'1');

/*Table structure for table `storage` */

DROP TABLE IF EXISTS `storage`;

CREATE TABLE `storage` (
  `storageid` int(11) NOT NULL AUTO_INCREMENT COMMENT '库存主键',
  `inprice` double DEFAULT NULL COMMENT '进价',
  `soldprice` double DEFAULT NULL COMMENT '售价',
  `count` int(11) DEFAULT NULL COMMENT '库存',
  `bz` varchar(20) DEFAULT '无' COMMENT '备注',
  PRIMARY KEY (`storageid`)
) ENGINE=InnoDB AUTO_INCREMENT=48 DEFAULT CHARSET=utf8;

/*Data for the table `storage` */

insert  into `storage`(`storageid`,`inprice`,`soldprice`,`count`,`bz`) values (1,10,20,30,'无'),(2,10,20,20,'无'),(3,10,20,88,'无'),(4,10,20,100,'无'),(5,10,20,100,'无'),(6,10,20,100,'无'),(7,10,20,500,'无'),(8,10,20,100,'无'),(9,10,20,100,'无'),(10,10,20,50,'无'),(11,10,20,100,'无'),(12,10,20,100,'无'),(13,10,20,100,'无'),(14,10,20,100,'无'),(15,10,20,100,'无'),(16,10,20,100,'无'),(17,10,20,100,'无'),(18,10,20,100,'无'),(19,10,20,100,'无'),(20,10,20,100,'无'),(21,10,20,100,'无'),(22,10,20,100,'无'),(23,10,20,100,'无'),(24,10,20,100,'无'),(25,10,20,100,'无'),(26,10,20,100,'无'),(27,10,20,100,'无'),(28,10,20,100,'无'),(29,10,20,100,'无'),(30,10,20,100,'无'),(31,10,20,100,'无'),(32,10,20,100,'无'),(33,10,20,100,'无'),(34,10,20,100,'无'),(35,10,20,100,'无'),(36,10,20,100,'无'),(37,10,20,100,'无'),(38,10,20,100,'无'),(39,10,20,100,'无'),(40,10,20,100,'无'),(41,10,20,100,'无'),(42,10,20,100,'无'),(43,10,20,100,'无'),(44,10,20,100,'无'),(45,10,20,100,'无'),(46,10,20,100,'无'),(47,10,20,100,'无');

/*!40101 SET SQL_MODE=@OLD_SQL_MODE */;
/*!40014 SET FOREIGN_KEY_CHECKS=@OLD_FOREIGN_KEY_CHECKS */;
/*!40014 SET UNIQUE_CHECKS=@OLD_UNIQUE_CHECKS */;
/*!40111 SET SQL_NOTES=@OLD_SQL_NOTES */;
